relative_path,status,before_bytes,after_bytes,started_at,finished_at,error
"cam_xuc/so_sanh_cam_xuc_binh_thuong_15_23_001.mp4",success,1172245,820146,"2026-08-16T22:30:35.1037393+07:00","2026-08-16T22:30:36.2851162+07:00",""
"cam_xuc/so_sanh_cam_xuc_binh_thuong_15_23_002.mp4",success,1679593,932482,"2026-08-16T22:30:36.2911736+07:00","2026-08-16T22:30:37.3173134+07:00",""
"cam_xuc/so_sanh_cam_xuc_binh_thuong_15_23_003.mp4",success,7684649,1583131,"2026-08-16T22:30:37.3216061+07:00","2026-08-16T22:30:39.6698945+07:00",""
"cam_xuc/so_sanh_cam_xuc_binh_thuong_15_23_004.mp4",success,3463980,2098613,"2026-08-16T22:30:39.6738975+07:00","2026-08-16T22:30:42.3175363+07:00",""
"cam_xuc/so_sanh_cam_xuc_binh_thuong_24_47_001.mp4",success,2481347,1165641,"2026-08-16T22:30:42.3205568+07:00","2026-08-16T22:30:43.5995821+07:00",""
"cam_xuc/so_sanh_cam_xuc_binh_thuong_24_47_002.mp4",skipped_small,889682,889682,"2026-08-16T22:30:43.6025824+07:00","2026-08-16T22:30:43.6040921+07:00","Source <= 1 MiB; preserved as already small."
"cam_xuc/so_sanh_cam_xuc_roi_loan_pho_tu_ky_15_23_004.mp4",success,2338385,877100,"2026-08-16T22:30:43.6181396+07:00","2026-08-16T22:30:45.0373999+07:00",""
"cam_xuc/so_sanh_cam_xuc_roi_loan_pho_tu_ky_24_47_005.mp4",skipped_not_smaller,49435018,49435018,"2026-08-16T22:30:45.0409080+07:00","2026-08-16T22:31:56.7415221+07:00","Compressed output is not smaller; source preserved."
"cam_xuc/so_sanh_cam_xuc_roi_loan_pho_tu_ky_24_47_006.mp4",success,8553906,5023438,"2026-08-16T22:31:56.7455206+07:00","2026-08-16T22:32:02.4386256+07:00",""
"cam_xuc/so_sanh_cam_xuc_roi_loan_pho_tu_ky_48_60_001.mp4",success,15563246,9274532,"2026-08-16T22:32:02.4426206+07:00","2026-08-16T22:32:10.8675909+07:00",""
"giac_quan/so_sanh_giac_quan_roi_loan_pho_tu_ky_15_23_001.mp4",success,23028287,9715042,"2026-08-16T22:32:10.8705910+07:00","2026-08-16T22:32:21.4505998+07:00",""
"giac_quan/so_sanh_giac_quan_roi_loan_pho_tu_ky_15_23_002.mp4",success,6886023,2371814,"2026-08-16T22:32:21.4525953+07:00","2026-08-16T22:32:24.8669133+07:00",""
"giac_quan/so_sanh_giac_quan_roi_loan_pho_tu_ky_15_23_003.mp4",success,16298245,9960646,"2026-08-16T22:32:24.8679130+07:00","2026-08-16T22:32:34.0860168+07:00",""
"giac_quan/so_sanh_giac_quan_roi_loan_pho_tu_ky_15_23_004.mp4",success,62152444,42970365,"2026-08-16T22:32:34.0880192+07:00","2026-08-16T22:33:11.3408949+07:00",""
"giac_quan/so_sanh_giac_quan_roi_loan_pho_tu_ky_24_47_002.mp4",success,100320765,40790349,"2026-08-16T22:33:11.3429065+07:00","2026-08-16T22:34:00.1520287+07:00",""
"giac_quan/so_sanh_giac_quan_roi_loan_pho_tu_ky_24_47_003.mp4",success,20762013,10288356,"2026-08-16T22:34:00.1540203+07:00","2026-08-16T22:34:10.4861960+07:00",""
"giac_quan/so_sanh_giac_quan_roi_loan_pho_tu_ky_48_60_002.mp4",success,1081010,434728,"2026-08-16T22:34:10.4917135+07:00","2026-08-16T22:34:11.3393102+07:00",""
"ngon_ngu/so_sanh_ngon_ngu_binh_thuong_15_23_001.mp4",success,1939266,1567643,"2026-08-16T22:34:11.3403105+07:00","2026-08-16T22:34:13.0144018+07:00",""
"ngon_ngu/so_sanh_ngon_ngu_binh_thuong_15_23_002.mp4",skipped_small,925921,925921,"2026-08-16T22:34:13.0163908+07:00","2026-08-16T22:34:13.0173921+07:00","Source <= 1 MiB; preserved as already small."
"ngon_ngu/so_sanh_ngon_ngu_binh_thuong_15_23_003.mp4",skipped_not_smaller,10738110,10738110,"2026-08-16T22:34:13.0406584+07:00","2026-08-16T22:34:22.4226412+07:00","Compressed output is not smaller; source preserved."
"ngon_ngu/so_sanh_ngon_ngu_binh_thuong_15_23_004.mp4",success,2687371,2016167,"2026-08-16T22:34:22.4241653+07:00","2026-08-16T22:34:24.6388559+07:00",""
"ngon_ngu/so_sanh_ngon_ngu_binh_thuong_15_23_006.mp4",success,7696336,1431825,"2026-08-16T22:34:24.6413834+07:00","2026-08-16T22:34:26.2328390+07:00",""
"ngon_ngu/so_sanh_ngon_ngu_binh_thuong_15_23_008.mp4",success,8630028,1138739,"2026-08-16T22:34:26.2345992+07:00","2026-08-16T22:34:27.9394904+07:00",""
"ngon_ngu/so_sanh_ngon_ngu_binh_thuong_15_23_009.mp4",success,4445250,1029538,"2026-08-16T22:34:27.9414817+07:00","2026-08-16T22:34:29.7267838+07:00",""
"ngon_ngu/so_sanh_ngon_ngu_binh_thuong_15_23_010.mp4",success,4185071,2024240,"2026-08-16T22:34:29.7293095+07:00","2026-08-16T22:34:32.5104048+07:00",""
"ngon_ngu/so_sanh_ngon_ngu_binh_thuong_15_23_011.mp4",success,2270455,971523,"2026-08-16T22:34:32.5124072+07:00","2026-08-16T22:34:34.0872585+07:00",""
"ngon_ngu/so_sanh_ngon_ngu_binh_thuong_15_23_013.mp4",success,1827729,1352414,"2026-08-16T22:34:34.0892488+07:00","2026-08-16T22:34:35.6808678+07:00",""
"ngon_ngu/so_sanh_ngon_ngu_binh_thuong_15_23_014.mp4",success,1603957,950784,"2026-08-16T22:34:35.6828623+07:00","2026-08-16T22:34:37.2263418+07:00",""
"ngon_ngu/so_sanh_ngon_ngu_binh_thuong_15_23_015.mp4",success,15636524,1909447,"2026-08-16T22:34:37.2293494+07:00","2026-08-16T22:34:40.1693820+07:00",""
"ngon_ngu/so_sanh_ngon_ngu_binh_thuong_15_23_016.mp4",success,6552374,1647004,"2026-08-16T22:34:40.1713856+07:00","2026-08-16T22:34:42.6170113+07:00",""
"ngon_ngu/so_sanh_ngon_ngu_binh_thuong_15_23_018.mp4",success,13509917,4569021,"2026-08-16T22:34:42.6190324+07:00","2026-08-16T22:34:50.1648346+07:00",""
"ngon_ngu/so_sanh_ngon_ngu_binh_thuong_15_23_019.mp4",success,4445250,1029538,"2026-08-16T22:34:50.1668317+07:00","2026-08-16T22:34:51.7778488+07:00",""
"ngon_ngu/so_sanh_ngon_ngu_binh_thuong_15_23_020.mp4",success,2611187,536079,"2026-08-16T22:34:51.7818501+07:00","2026-08-16T22:34:52.7886778+07:00",""
"ngon_ngu/so_sanh_ngon_ngu_binh_thuong_24_47_001.mp4",success,1537382,913557,"2026-08-16T22:34:52.7906816+07:00","2026-08-16T22:34:53.8740770+07:00",""
"ngon_ngu/so_sanh_ngon_ngu_binh_thuong_24_47_002.mp4",success,1430598,613868,"2026-08-16T22:34:53.8760591+07:00","2026-08-16T22:34:54.8874265+07:00",""
"ngon_ngu/so_sanh_ngon_ngu_binh_thuong_24_47_003.mp4",success,3188875,1948832,"2026-08-16T22:34:54.8894294+07:00","2026-08-16T22:34:57.4982341+07:00",""
"ngon_ngu/so_sanh_ngon_ngu_binh_thuong_24_47_004.webm",failed,1222274,1222274,"2026-08-16T22:34:57.5002608+07:00","2026-08-16T22:34:57.5809325+07:00","ffmpeg exit code -22"
"ngon_ngu/so_sanh_ngon_ngu_binh_thuong_24_47_005.webm",failed,1652725,1652725,"2026-08-16T22:34:57.5829322+07:00","2026-08-16T22:34:57.6578890+07:00","ffmpeg exit code -22"
"ngon_ngu/so_sanh_ngon_ngu_binh_thuong_24_47_006.mp4",success,42607966,22730617,"2026-08-16T22:34:57.6598903+07:00","2026-08-16T22:35:24.2644928+07:00",""
"ngon_ngu/so_sanh_ngon_ngu_binh_thuong_24_47_007.mp4",success,5073746,2480271,"2026-08-16T22:35:24.2664929+07:00","2026-08-16T22:35:26.9972416+07:00",""
"ngon_ngu/so_sanh_ngon_ngu_binh_thuong_24_47_008.mp4",success,42607966,22730617,"2026-08-16T22:35:26.9992393+07:00","2026-08-16T22:35:52.1653908+07:00",""
"ngon_ngu/so_sanh_ngon_ngu_binh_thuong_24_47_009.mp4",success,42607966,22730617,"2026-08-16T22:35:52.1683820+07:00","2026-08-16T22:36:18.0833710+07:00",""
"ngon_ngu/so_sanh_ngon_ngu_binh_thuong_24_47_010.mp4",success,42607966,22730617,"2026-08-16T22:36:18.0853839+07:00","2026-08-16T22:36:42.9673043+07:00",""
"ngon_ngu/so_sanh_ngon_ngu_binh_thuong_24_47_011.mp4",success,11116088,6696852,"2026-08-16T22:36:42.9693130+07:00","2026-08-16T22:36:50.9328448+07:00",""
"ngon_ngu/so_sanh_ngon_ngu_binh_thuong_24_47_012.mp4",success,1276995,932198,"2026-08-16T22:36:50.9348459+07:00","2026-08-16T22:36:51.8438096+07:00",""
"ngon_ngu/so_sanh_ngon_ngu_binh_thuong_24_47_013.mp4",success,5219548,2702926,"2026-08-16T22:36:51.8458094+07:00","2026-08-16T22:36:55.2514504+07:00",""
"ngon_ngu/so_sanh_ngon_ngu_binh_thuong_24_47_014.mp4",skipped_small,912965,912965,"2026-08-16T22:36:55.2536237+07:00","2026-08-16T22:36:55.2546302+07:00","Source <= 1 MiB; preserved as already small."
"ngon_ngu/so_sanh_ngon_ngu_binh_thuong_24_47_015.mp4",success,10924762,4052263,"2026-08-16T22:36:55.2706571+07:00","2026-08-16T22:36:58.4888051+07:00",""
"ngon_ngu/so_sanh_ngon_ngu_binh_thuong_24_47_016.mp4",success,36553397,23132521,"2026-08-16T22:36:58.4908054+07:00","2026-08-16T22:37:25.4225404+07:00",""
"ngon_ngu/so_sanh_ngon_ngu_binh_thuong_24_47_017.mp4",success,36553397,23132521,"2026-08-16T22:37:25.4245499+07:00","2026-08-16T22:37:52.7994117+07:00",""
"ngon_ngu/so_sanh_ngon_ngu_binh_thuong_24_47_018.mp4",success,36553397,23132521,"2026-08-16T22:37:52.8014189+07:00","2026-08-16T22:38:20.1565904+07:00",""
"ngon_ngu/so_sanh_ngon_ngu_binh_thuong_24_47_019.mp4",success,36553397,23132521,"2026-08-16T22:38:20.1585926+07:00","2026-08-16T22:38:47.0263350+07:00",""
"ngon_ngu/so_sanh_ngon_ngu_binh_thuong_24_47_020.mp4",success,1877125,1468036,"2026-08-16T22:38:47.0273624+07:00","2026-08-16T22:38:48.5607139+07:00",""
"ngon_ngu/so_sanh_ngon_ngu_binh_thuong_24_47_021.mp4",skipped_small,350495,350495,"2026-08-16T22:38:48.5617243+07:00","2026-08-16T22:38:48.5617243+07:00","Source <= 1 MiB; preserved as already small."
"ngon_ngu/so_sanh_ngon_ngu_binh_thuong_24_47_022.mp4",skipped_small,254912,254912,"2026-08-16T22:38:48.5793476+07:00","2026-08-16T22:38:48.5804738+07:00","Source <= 1 MiB; preserved as already small."
"ngon_ngu/so_sanh_ngon_ngu_binh_thuong_24_47_023.mp4",success,4232068,3447931,"2026-08-16T22:38:48.5976809+07:00","2026-08-16T22:38:51.6083925+07:00",""
"ngon_ngu/so_sanh_ngon_ngu_binh_thuong_24_47_024.mp4",skipped_small,948724,948724,"2026-08-16T22:38:51.6104119+07:00","2026-08-16T22:38:51.6114126+07:00","Source <= 1 MiB; preserved as already small."
"ngon_ngu/so_sanh_ngon_ngu_binh_thuong_24_47_025.mp4",success,5045822,4413947,"2026-08-16T22:38:51.6281196+07:00","2026-08-16T22:38:58.6881059+07:00",""
"ngon_ngu/so_sanh_ngon_ngu_binh_thuong_24_47_026.mp4",success,2659907,866061,"2026-08-16T22:38:58.6900973+07:00","2026-08-16T22:38:59.6628316+07:00",""
"ngon_ngu/so_sanh_ngon_ngu_binh_thuong_48_60_001.mp4",success,1617754,725941,"2026-08-16T22:38:59.6648450+07:00","2026-08-16T22:39:00.6794601+07:00",""
"ngon_ngu/so_sanh_ngon_ngu_binh_thuong_48_60_002.mp4",success,2325859,1449060,"2026-08-16T22:39:00.6805700+07:00","2026-08-16T22:39:02.5575259+07:00",""
"ngon_ngu/so_sanh_ngon_ngu_binh_thuong_48_60_003.mp4",success,3494724,2260975,"2026-08-16T22:39:02.5585272+07:00","2026-08-16T22:39:05.4094180+07:00",""
"ngon_ngu/so_sanh_ngon_ngu_binh_thuong_48_60_004.mp4",success,3105249,1555246,"2026-08-16T22:39:05.4114210+07:00","2026-08-16T22:39:07.3649110+07:00",""
"ngon_ngu/so_sanh_ngon_ngu_binh_thuong_48_60_005.mp4",success,12530389,1820973,"2026-08-16T22:39:07.3659321+07:00","2026-08-16T22:39:09.5486081+07:00",""
"ngon_ngu/so_sanh_ngon_ngu_binh_thuong_48_60_006.mp4",success,8960224,4241985,"2026-08-16T22:39:09.5508377+07:00","2026-08-16T22:39:16.3030549+07:00",""
"ngon_ngu/so_sanh_ngon_ngu_binh_thuong_48_60_007.mp4",success,3390996,2017376,"2026-08-16T22:39:16.3040859+07:00","2026-08-16T22:39:19.2027789+07:00",""
"ngon_ngu/so_sanh_ngon_ngu_binh_thuong_48_60_008.mp4",success,14330767,3297027,"2026-08-16T22:39:19.2053821+07:00","2026-08-16T22:39:22.7684220+07:00",""
"ngon_ngu/so_sanh_ngon_ngu_binh_thuong_48_60_009.mp4",success,14330767,3297027,"2026-08-16T22:39:22.7694408+07:00","2026-08-16T22:39:26.6067427+07:00",""
"ngon_ngu/so_sanh_ngon_ngu_binh_thuong_48_60_010.mp4",success,10300294,5151721,"2026-08-16T22:39:26.6087451+07:00","2026-08-16T22:39:34.3285041+07:00",""
"ngon_ngu/so_sanh_ngon_ngu_binh_thuong_48_60_011.mp4",success,3105249,1555246,"2026-08-16T22:39:34.3295791+07:00","2026-08-16T22:39:36.6236466+07:00",""
"ngon_ngu/so_sanh_ngon_ngu_binh_thuong_48_60_012.mp4",success,8960224,4241985,"2026-08-16T22:39:36.6256490+07:00","2026-08-16T22:39:45.3002173+07:00",""
"ngon_ngu/so_sanh_ngon_ngu_roi_loan_pho_tu_ky_15_23_001.mp4",success,2502614,775920,"2026-08-16T22:39:45.3032385+07:00","2026-08-16T22:39:46.6616524+07:00",""
"ngon_ngu/so_sanh_ngon_ngu_roi_loan_pho_tu_ky_15_23_006.mp4",success,2427340,384622,"2026-08-16T22:39:46.6641650+07:00","2026-08-16T22:39:47.5204931+07:00",""
"ngon_ngu/so_sanh_ngon_ngu_roi_loan_pho_tu_ky_15_23_012.mp4",success,7100378,3294073,"2026-08-16T22:39:47.5229032+07:00","2026-08-16T22:39:51.8610469+07:00",""
"ngon_ngu/so_sanh_ngon_ngu_roi_loan_pho_tu_ky_24_47_002.mp4",success,10563441,3246747,"2026-08-16T22:39:51.8631446+07:00","2026-08-16T22:39:54.8128358+07:00",""
"nhan_thuc/so_sanh_nhan_thuc_binh_thuong_15_23_001.mp4",success,9054297,2650264,"2026-08-16T22:39:54.8153414+07:00","2026-08-16T22:39:58.3323955+07:00",""
"nhan_thuc/so_sanh_nhan_thuc_binh_thuong_15_23_002.mp4",success,23024119,7962823,"2026-08-16T22:39:58.3355352+07:00","2026-08-16T22:40:10.0240037+07:00",""
"nhan_thuc/so_sanh_nhan_thuc_binh_thuong_15_23_003.mp4",success,1437629,1053166,"2026-08-16T22:40:10.0265296+07:00","2026-08-16T22:40:11.2735219+07:00",""
"nhan_thuc/so_sanh_nhan_thuc_binh_thuong_15_23_004.mp4",success,1885790,1172642,"2026-08-16T22:40:11.2760379+07:00","2026-08-16T22:40:12.7585196+07:00",""
"nhan_thuc/so_sanh_nhan_thuc_binh_thuong_15_23_005.mp4",success,1195271,653186,"2026-08-16T22:40:12.7605333+07:00","2026-08-16T22:40:13.6835558+07:00",""
"nhan_thuc/so_sanh_nhan_thuc_binh_thuong_15_23_006.mp4",success,2687370,2016167,"2026-08-16T22:40:13.6850706+07:00","2026-08-16T22:40:16.3349559+07:00",""
"nhan_thuc/so_sanh_nhan_thuc_binh_thuong_15_23_007.mp4",success,2646995,1442174,"2026-08-16T22:40:16.3359922+07:00","2026-08-16T22:40:17.8256645+07:00",""
"nhan_thuc/so_sanh_nhan_thuc_binh_thuong_15_23_008.mp4",success,2507367,1375912,"2026-08-16T22:40:17.8276743+07:00","2026-08-16T22:40:19.5871256+07:00",""
"nhan_thuc/so_sanh_nhan_thuc_binh_thuong_15_23_009.mp4",success,5632951,1268535,"2026-08-16T22:40:19.5891426+07:00","2026-08-16T22:40:21.2529142+07:00",""
"nhan_thuc/so_sanh_nhan_thuc_binh_thuong_15_23_010.mp4",success,5764861,1906091,"2026-08-16T22:40:21.2549282+07:00","2026-08-16T22:40:22.9312417+07:00",""
"nhan_thuc/so_sanh_nhan_thuc_binh_thuong_15_23_011.mp4",success,5764861,1906091,"2026-08-16T22:40:22.9329748+07:00","2026-08-16T22:40:24.6881556+07:00",""
"nhan_thuc/so_sanh_nhan_thuc_binh_thuong_15_23_012.mp4",success,3195844,587830,"2026-08-16T22:40:24.6901801+07:00","2026-08-16T22:40:25.5168934+07:00",""
"nhan_thuc/so_sanh_nhan_thuc_binh_thuong_24_47_001.mp4",success,3178185,1635474,"2026-08-16T22:40:25.5191056+07:00","2026-08-16T22:40:27.1139418+07:00",""
"nhan_thuc/so_sanh_nhan_thuc_binh_thuong_24_47_002.mp4",success,3188875,1948832,"2026-08-16T22:40:27.1154467+07:00","2026-08-16T22:40:29.7749103+07:00",""
"nhan_thuc/so_sanh_nhan_thuc_binh_thuong_24_47_003.mp4",success,27357959,9081479,"2026-08-16T22:40:29.7764400+07:00","2026-08-16T22:40:40.4234958+07:00",""
"nhan_thuc/so_sanh_nhan_thuc_binh_thuong_24_47_004.mp4",success,1086860,678292,"2026-08-16T22:40:40.4260441+07:00","2026-08-16T22:40:41.3395723+07:00",""
"nhan_thuc/so_sanh_nhan_thuc_binh_thuong_24_47_005.mp4",success,2230778,1061807,"2026-08-16T22:40:41.3410786+07:00","2026-08-16T22:40:42.6509484+07:00",""
"nhan_thuc/so_sanh_nhan_thuc_binh_thuong_24_47_006.mp4",success,2280547,1567668,"2026-08-16T22:40:42.6529485+07:00","2026-08-16T22:40:44.6478245+07:00",""
"nhan_thuc/so_sanh_nhan_thuc_binh_thuong_24_47_007.mp4",success,1677270,989581,"2026-08-16T22:40:44.6498347+07:00","2026-08-16T22:40:45.8764569+07:00",""
"nhan_thuc/so_sanh_nhan_thuc_binh_thuong_24_47_008.mp4",success,14117743,7850922,"2026-08-16T22:40:45.8784487+07:00","2026-08-16T22:40:59.7967236+07:00",""
"nhan_thuc/so_sanh_nhan_thuc_binh_thuong_24_47_009.mp4",success,1480637,912174,"2026-08-16T22:40:59.7987304+07:00","2026-08-16T22:41:00.9629938+07:00",""
"nhan_thuc/so_sanh_nhan_thuc_binh_thuong_48_60_001.mp4",success,1592880,757164,"2026-08-16T22:41:00.9650849+07:00","2026-08-16T22:41:02.1705144+07:00",""
"nhan_thuc/so_sanh_nhan_thuc_binh_thuong_48_60_002.mp4",success,3530379,2153434,"2026-08-16T22:41:02.1727400+07:00","2026-08-16T22:41:05.1348433+07:00",""
"nhan_thuc/so_sanh_nhan_thuc_binh_thuong_48_60_003.mp4",success,2025667,1167703,"2026-08-16T22:41:05.1378636+07:00","2026-08-16T22:41:06.9171602+07:00",""
"nhan_thuc/so_sanh_nhan_thuc_binh_thuong_48_60_004.mp4",success,1560425,895353,"2026-08-16T22:41:06.9191666+07:00","2026-08-16T22:41:08.3392832+07:00",""
"nhan_thuc/so_sanh_nhan_thuc_binh_thuong_48_60_005.mp4",success,1836764,966122,"2026-08-16T22:41:08.3403043+07:00","2026-08-16T22:41:09.8585837+07:00",""
"nhan_thuc/so_sanh_nhan_thuc_binh_thuong_48_60_006.mp4",success,13903722,8923196,"2026-08-16T22:41:09.8605820+07:00","2026-08-16T22:41:20.4749714+07:00",""
"nhan_thuc/so_sanh_nhan_thuc_binh_thuong_48_60_007.mp4",success,1964382,1080705,"2026-08-16T22:41:20.4764768+07:00","2026-08-16T22:41:22.3476309+07:00",""
"nhan_thuc/so_sanh_nhan_thuc_binh_thuong_48_60_008.mp4",success,4384184,1744780,"2026-08-16T22:41:22.3501185+07:00","2026-08-16T22:41:24.3730603+07:00",""
"nhan_thuc/so_sanh_nhan_thuc_roi_loan_pho_tu_ky_15_23_003.mp4",success,2150492,589804,"2026-08-16T22:41:24.3750688+07:00","2026-08-16T22:41:25.4711788+07:00",""
"nhan_thuc/so_sanh_nhan_thuc_roi_loan_pho_tu_ky_15_23_005.mp4",skipped_small,740311,740311,"2026-08-16T22:41:25.4725025+07:00","2026-08-16T22:41:25.4736242+07:00","Source <= 1 MiB; preserved as already small."
"nhan_thuc/so_sanh_nhan_thuc_roi_loan_pho_tu_ky_15_23_008.mp4",success,2032190,360418,"2026-08-16T22:41:25.4964703+07:00","2026-08-16T22:41:26.0020051+07:00",""
"nhan_thuc/so_sanh_nhan_thuc_roi_loan_pho_tu_ky_15_23_010.mp4",success,3438304,1032899,"2026-08-16T22:41:26.0041313+07:00","2026-08-16T22:41:27.7265742+07:00",""
"nhan_thuc/so_sanh_nhan_thuc_roi_loan_pho_tu_ky_24_47_011.mp4",success,115512302,68361683,"2026-08-16T22:41:27.7285890+07:00","2026-08-16T22:42:41.9727514+07:00",""
"nhan_thuc/so_sanh_nhan_thuc_roi_loan_pho_tu_ky_48_60_012.mp4",success,1948887,632391,"2026-08-16T22:42:41.9752611+07:00","2026-08-16T22:42:42.7150644+07:00",""
"nhan_thuc/so_sanh_nhan_thuc_roi_loan_pho_tu_ky_48_60_013.mp4",success,6341739,3000776,"2026-08-16T22:42:42.7170699+07:00","2026-08-16T22:42:45.1269448+07:00",""
"quan_he_xa_hoi/so_sanh_quan_he_xa_hoi_binh_thuong_15_23_001.mp4",success,4976980,2066993,"2026-08-16T22:42:45.1289447+07:00","2026-08-16T22:42:47.9786492+07:00",""
"quan_he_xa_hoi/so_sanh_quan_he_xa_hoi_binh_thuong_15_23_002.mp4",success,4657358,1269935,"2026-08-16T22:42:47.9806754+07:00","2026-08-16T22:42:49.6164868+07:00",""
"quan_he_xa_hoi/so_sanh_quan_he_xa_hoi_binh_thuong_15_23_004.mp4",success,4214303,2387545,"2026-08-16T22:42:49.6184818+07:00","2026-08-16T22:42:52.9608511+07:00",""
"quan_he_xa_hoi/so_sanh_quan_he_xa_hoi_binh_thuong_15_23_006.mp4",success,1365808,741130,"2026-08-16T22:42:52.9633611+07:00","2026-08-16T22:42:54.2603596+07:00",""
"quan_he_xa_hoi/so_sanh_quan_he_xa_hoi_binh_thuong_15_23_007.mp4",success,17879372,1737697,"2026-08-16T22:42:54.2616358+07:00","2026-08-16T22:42:57.5403626+07:00",""
"quan_he_xa_hoi/so_sanh_quan_he_xa_hoi_binh_thuong_15_23_008.mp4",success,1928794,666485,"2026-08-16T22:42:57.5416940+07:00","2026-08-16T22:42:58.3318476+07:00",""
"quan_he_xa_hoi/so_sanh_quan_he_xa_hoi_binh_thuong_24_47_001.mp4",success,1693843,1236046,"2026-08-16T22:42:58.3329689+07:00","2026-08-16T22:42:59.4086952+07:00",""
"quan_he_xa_hoi/so_sanh_quan_he_xa_hoi_binh_thuong_24_47_002.webm",failed,2795218,2795218,"2026-08-16T22:42:59.4106940+07:00","2026-08-16T22:42:59.4882012+07:00","ffmpeg exit code -22"
"quan_he_xa_hoi/so_sanh_quan_he_xa_hoi_binh_thuong_24_47_003.mp4",success,1759666,986568,"2026-08-16T22:42:59.4892105+07:00","2026-08-16T22:43:01.0123253+07:00",""
"quan_he_xa_hoi/so_sanh_quan_he_xa_hoi_binh_thuong_24_47_005.mp4",success,3491947,3151593,"2026-08-16T22:43:01.0143222+07:00","2026-08-16T22:43:03.5112196+07:00",""
"quan_he_xa_hoi/so_sanh_quan_he_xa_hoi_binh_thuong_24_47_006.mp4",success,3459542,2026673,"2026-08-16T22:43:03.5124440+07:00","2026-08-16T22:43:06.2010579+07:00",""
"quan_he_xa_hoi/so_sanh_quan_he_xa_hoi_binh_thuong_24_47_007.mp4",skipped_small,958564,958564,"2026-08-16T22:43:06.2030812+07:00","2026-08-16T22:43:06.2030812+07:00","Source <= 1 MiB; preserved as already small."
"quan_he_xa_hoi/so_sanh_quan_he_xa_hoi_binh_thuong_24_47_008.mp4",success,5128923,2835962,"2026-08-16T22:43:06.2229660+07:00","2026-08-16T22:43:09.5365351+07:00",""
"quan_he_xa_hoi/so_sanh_quan_he_xa_hoi_binh_thuong_48_60_001.mp4",success,15429724,2491001,"2026-08-16T22:43:09.5375314+07:00","2026-08-16T22:43:13.4030631+07:00",""
"quan_he_xa_hoi/so_sanh_quan_he_xa_hoi_binh_thuong_48_60_002.mp4",success,2985951,1286277,"2026-08-16T22:43:13.4050752+07:00","2026-08-16T22:43:14.5944183+07:00",""
"quan_he_xa_hoi/so_sanh_quan_he_xa_hoi_binh_thuong_48_60_003.mp4",success,1502204,764085,"2026-08-16T22:43:14.5954213+07:00","2026-08-16T22:43:15.6442063+07:00",""
"quan_he_xa_hoi/so_sanh_quan_he_xa_hoi_binh_thuong_48_60_004.mp4",success,1671512,1086749,"2026-08-16T22:43:15.6462043+07:00","2026-08-16T22:43:16.8723582+07:00",""
"quan_he_xa_hoi/so_sanh_quan_he_xa_hoi_binh_thuong_48_60_005.mp4",success,4484069,2932829,"2026-08-16T22:43:16.8743575+07:00","2026-08-16T22:43:19.7009795+07:00",""
"quan_he_xa_hoi/so_sanh_quan_he_xa_hoi_binh_thuong_48_60_006.mp4",success,1829023,1079059,"2026-08-16T22:43:19.7029868+07:00","2026-08-16T22:43:20.9847787+07:00",""
"quan_he_xa_hoi/so_sanh_quan_he_xa_hoi_binh_thuong_48_60_007.mp4",success,5209444,3577094,"2026-08-16T22:43:20.9867685+07:00","2026-08-16T22:43:23.8182875+07:00",""
"quan_he_xa_hoi/so_sanh_quan_he_xa_hoi_binh_thuong_48_60_008.mp4",success,3110192,1690085,"2026-08-16T22:43:23.8205561+07:00","2026-08-16T22:43:25.8362515+07:00",""
"quan_he_xa_hoi/so_sanh_quan_he_xa_hoi_binh_thuong_48_60_009.mp4",success,21205313,13831242,"2026-08-16T22:43:25.8382543+07:00","2026-08-16T22:43:39.7728104+07:00",""
"quan_he_xa_hoi/so_sanh_quan_he_xa_hoi_binh_thuong_48_60_010.mp4",skipped_not_smaller,17117261,17117261,"2026-08-16T22:43:39.7748372+07:00","2026-08-16T22:43:53.4587237+07:00","Compressed output is not smaller; source preserved."
"quan_he_xa_hoi/so_sanh_quan_he_xa_hoi_roi_loan_pho_tu_ky_15_23_004.mp4",success,1869530,390379,"2026-08-16T22:43:53.4617392+07:00","2026-08-16T22:43:54.0147595+07:00",""
"quan_he_xa_hoi/so_sanh_quan_he_xa_hoi_roi_loan_pho_tu_ky_15_23_006.mp4",success,1906089,339570,"2026-08-16T22:43:54.0167682+07:00","2026-08-16T22:43:54.5424350+07:00",""
"quan_he_xa_hoi/so_sanh_quan_he_xa_hoi_roi_loan_pho_tu_ky_15_23_008.mp4",success,2723236,2637465,"2026-08-16T22:43:54.5469423+07:00","2026-08-16T22:43:57.3504402+07:00",""
"quan_he_xa_hoi/so_sanh_quan_he_xa_hoi_roi_loan_pho_tu_ky_24_47_006.mp4",success,23028286,9715042,"2026-08-16T22:43:57.3514277+07:00","2026-08-16T22:44:07.1981423+07:00",""
"quan_he_xa_hoi/so_sanh_quan_he_xa_hoi_roi_loan_pho_tu_ky_24_47_009.mp4",success,16449692,3148284,"2026-08-16T22:44:07.2001430+07:00","2026-08-16T22:44:11.5270562+07:00",""
"quan_he_xa_hoi/so_sanh_quan_he_xa_hoi_roi_loan_pho_tu_ky_24_47_010.mp4",success,20762013,10288356,"2026-08-16T22:44:11.5290440+07:00","2026-08-16T22:44:20.1263422+07:00",""
"quan_he_xa_hoi/so_sanh_quan_he_xa_hoi_roi_loan_pho_tu_ky_24_47_011.mp4",success,14510256,4798394,"2026-08-16T22:44:20.1273469+07:00","2026-08-16T22:44:24.0282555+07:00",""
"quan_he_xa_hoi/so_sanh_quan_he_xa_hoi_roi_loan_pho_tu_ky_48_60_003.mp4",success,2137170,1512662,"2026-08-16T22:44:24.0302536+07:00","2026-08-16T22:44:25.6068918+07:00",""
"sinh_hoat_ca_nhan/so_sanh_sinh_hoat_ca_nhan_binh_thuong_15_23_001.mp4",success,2144374,950472,"2026-08-16T22:44:25.6094109+07:00","2026-08-16T22:44:27.1480407+07:00",""
"sinh_hoat_ca_nhan/so_sanh_sinh_hoat_ca_nhan_binh_thuong_15_23_002.mp4",skipped_small,839182,839182,"2026-08-16T22:44:27.1500456+07:00","2026-08-16T22:44:27.1500456+07:00","Source <= 1 MiB; preserved as already small."
"sinh_hoat_ca_nhan/so_sanh_sinh_hoat_ca_nhan_binh_thuong_15_23_003.mp4",success,2320157,1435835,"2026-08-16T22:44:27.1705891+07:00","2026-08-16T22:44:28.7442601+07:00",""
"sinh_hoat_ca_nhan/so_sanh_sinh_hoat_ca_nhan_binh_thuong_15_23_004.mp4",success,2957518,693624,"2026-08-16T22:44:28.7462775+07:00","2026-08-16T22:44:30.1224181+07:00",""
"sinh_hoat_ca_nhan/so_sanh_sinh_hoat_ca_nhan_binh_thuong_15_23_005.mp4",success,5972753,1778446,"2026-08-16T22:44:30.1239439+07:00","2026-08-16T22:44:33.1327373+07:00",""
"sinh_hoat_ca_nhan/so_sanh_sinh_hoat_ca_nhan_binh_thuong_15_23_006.mp4",success,3272294,1176716,"2026-08-16T22:44:33.1337383+07:00","2026-08-16T22:44:35.1677569+07:00",""
"sinh_hoat_ca_nhan/so_sanh_sinh_hoat_ca_nhan_binh_thuong_15_23_007.mp4",success,1281916,457610,"2026-08-16T22:44:35.1687564+07:00","2026-08-16T22:44:36.0788699+07:00",""
"sinh_hoat_ca_nhan/so_sanh_sinh_hoat_ca_nhan_binh_thuong_15_23_008.mp4",success,8319011,2154830,"2026-08-16T22:44:36.0808688+07:00","2026-08-16T22:44:38.6849564+07:00",""
"sinh_hoat_ca_nhan/so_sanh_sinh_hoat_ca_nhan_binh_thuong_15_23_014.mp4",success,2144374,950472,"2026-08-16T22:44:38.6880361+07:00","2026-08-16T22:44:40.4510152+07:00",""
"sinh_hoat_ca_nhan/so_sanh_sinh_hoat_ca_nhan_binh_thuong_24_47_001.mp4",success,96830692,66663574,"2026-08-16T22:44:40.4535210+07:00","2026-08-16T22:45:44.3159904+07:00",""
"sinh_hoat_ca_nhan/so_sanh_sinh_hoat_ca_nhan_binh_thuong_24_47_002.mp4",success,8935051,7020789,"2026-08-16T22:45:44.3170057+07:00","2026-08-16T22:45:52.9312958+07:00",""
"sinh_hoat_ca_nhan/so_sanh_sinh_hoat_ca_nhan_binh_thuong_24_47_003.mp4",success,4770306,2651195,"2026-08-16T22:45:52.9323014+07:00","2026-08-16T22:45:55.7320794+07:00",""
"sinh_hoat_ca_nhan/so_sanh_sinh_hoat_ca_nhan_binh_thuong_24_47_004.mp4",success,11509169,9395715,"2026-08-16T22:45:55.7346073+07:00","2026-08-16T22:46:06.1172957+07:00",""
"sinh_hoat_ca_nhan/so_sanh_sinh_hoat_ca_nhan_binh_thuong_24_47_005.mp4",success,2258595,1929226,"2026-08-16T22:46:06.1192885+07:00","2026-08-16T22:46:07.8052984+07:00",""
"sinh_hoat_ca_nhan/so_sanh_sinh_hoat_ca_nhan_binh_thuong_48_60_001.mp4",success,4129232,1541076,"2026-08-16T22:46:07.8073067+07:00","2026-08-16T22:46:09.5006067+07:00",""
"sinh_hoat_ca_nhan/so_sanh_sinh_hoat_ca_nhan_binh_thuong_48_60_002.mp4",success,3452009,2106445,"2026-08-16T22:46:09.5026069+07:00","2026-08-16T22:46:12.4748600+07:00",""
"sinh_hoat_ca_nhan/so_sanh_sinh_hoat_ca_nhan_binh_thuong_48_60_003.mp4",success,3892711,905915,"2026-08-16T22:46:12.4763685+07:00","2026-08-16T22:46:13.8998192+07:00",""
"sinh_hoat_ca_nhan/so_sanh_sinh_hoat_ca_nhan_binh_thuong_48_60_004.mp4",success,3200790,1065849,"2026-08-16T22:46:13.9018208+07:00","2026-08-16T22:46:15.1187165+07:00",""
"sinh_hoat_ca_nhan/so_sanh_sinh_hoat_ca_nhan_binh_thuong_48_60_005.mp4",success,15405732,2356911,"2026-08-16T22:46:15.1207175+07:00","2026-08-16T22:46:18.6791409+07:00",""
"sinh_hoat_ca_nhan/so_sanh_sinh_hoat_ca_nhan_roi_loan_pho_tu_ky_48_60_009.mp4",success,4338351,1783037,"2026-08-16T22:46:18.6811428+07:00","2026-08-16T22:46:21.6787158+07:00",""
"sinh_hoc/so_sanh_sinh_hoc_binh_thuong_15_23_001.mp4",success,8442108,1464182,"2026-08-16T22:46:21.6798780+07:00","2026-08-16T22:46:23.3763696+07:00",""
"sinh_hoc/so_sanh_sinh_hoc_binh_thuong_15_23_002.mp4",success,6464599,1156020,"2026-08-16T22:46:23.3783678+07:00","2026-08-16T22:46:24.6158844+07:00",""
"sinh_hoc/so_sanh_sinh_hoc_binh_thuong_15_23_003.mp4",success,1370311,710504,"2026-08-16T22:46:24.6178865+07:00","2026-08-16T22:46:25.7182676+07:00",""
"sinh_hoc/so_sanh_sinh_hoc_binh_thuong_15_23_004.mp4",success,6368153,818134,"2026-08-16T22:46:25.7202660+07:00","2026-08-16T22:46:27.1689795+07:00",""
"sinh_hoc/so_sanh_sinh_hoc_binh_thuong_15_23_005.mp4",success,11407759,4452465,"2026-08-16T22:46:27.1709834+07:00","2026-08-16T22:46:33.6721264+07:00",""
"sinh_hoc/so_sanh_sinh_hoc_binh_thuong_15_23_006.mp4",success,1449259,951105,"2026-08-16T22:46:33.6746455+07:00","2026-08-16T22:46:35.0362310+07:00",""
"sinh_hoc/so_sanh_sinh_hoc_binh_thuong_15_23_007.mp4",success,2262650,1441175,"2026-08-16T22:46:35.0382313+07:00","2026-08-16T22:46:37.0278728+07:00",""
"sinh_hoc/so_sanh_sinh_hoc_binh_thuong_15_23_008.mp4",success,2782070,1706742,"2026-08-16T22:46:37.0298794+07:00","2026-08-16T22:46:38.8943535+07:00",""
"sinh_hoc/so_sanh_sinh_hoc_binh_thuong_15_23_009.mp4",success,3233666,2618465,"2026-08-16T22:46:38.8963583+07:00","2026-08-16T22:46:41.4073824+07:00",""
"sinh_hoc/so_sanh_sinh_hoc_binh_thuong_15_23_010.mp4",success,7386776,5714214,"2026-08-16T22:46:41.4093837+07:00","2026-08-16T22:46:46.6280047+07:00",""
"sinh_hoc/so_sanh_sinh_hoc_binh_thuong_15_23_011.mp4",success,2634497,1541115,"2026-08-16T22:46:46.6300051+07:00","2026-08-16T22:46:48.6338484+07:00",""
"sinh_hoc/so_sanh_sinh_hoc_binh_thuong_15_23_019.mp4",success,12792419,7956227,"2026-08-16T22:46:48.6358629+07:00","2026-08-16T22:46:58.6614145+07:00",""
"sinh_hoc/so_sanh_sinh_hoc_binh_thuong_15_23_020.mp4",success,7140381,1898316,"2026-08-16T22:46:58.6636845+07:00","2026-08-16T22:47:00.7082330+07:00",""
"sinh_hoc/so_sanh_sinh_hoc_binh_thuong_15_23_021.mp4",success,17879372,1737697,"2026-08-16T22:47:00.7102314+07:00","2026-08-16T22:47:03.9651246+07:00",""
"sinh_hoc/so_sanh_sinh_hoc_binh_thuong_24_47_001.mp4",skipped_small,738331,738331,"2026-08-16T22:47:03.9671238+07:00","2026-08-16T22:47:03.9671238+07:00","Source <= 1 MiB; preserved as already small."
"sinh_hoc/so_sanh_sinh_hoc_binh_thuong_24_47_003.mp4",success,2886679,917588,"2026-08-16T22:47:03.9871634+07:00","2026-08-16T22:47:05.0781892+07:00",""
"sinh_hoc/so_sanh_sinh_hoc_binh_thuong_24_47_004.mp4",skipped_small,864761,864761,"2026-08-16T22:47:05.0801831+07:00","2026-08-16T22:47:05.0801831+07:00","Source <= 1 MiB; preserved as already small."
"sinh_hoc/so_sanh_sinh_hoc_binh_thuong_24_47_005.mp4",success,1398570,642703,"2026-08-16T22:47:05.1038630+07:00","2026-08-16T22:47:06.0637188+07:00",""
"sinh_hoc/so_sanh_sinh_hoc_binh_thuong_24_47_006.mp4",success,1147949,337694,"2026-08-16T22:47:06.0669119+07:00","2026-08-16T22:47:06.6244590+07:00",""
"sinh_hoc/so_sanh_sinh_hoc_binh_thuong_24_47_007.mp4",skipped_small,393371,393371,"2026-08-16T22:47:06.6264688+07:00","2026-08-16T22:47:06.6274682+07:00","Source <= 1 MiB; preserved as already small."
"sinh_hoc/so_sanh_sinh_hoc_binh_thuong_24_47_008.mp4",success,9681962,6211477,"2026-08-16T22:47:06.6530312+07:00","2026-08-16T22:47:14.3238567+07:00",""
"sinh_hoc/so_sanh_sinh_hoc_binh_thuong_24_47_009.mp4",skipped_small,945099,945099,"2026-08-16T22:47:14.3258680+07:00","2026-08-16T22:47:14.3268673+07:00","Source <= 1 MiB; preserved as already small."
"sinh_hoc/so_sanh_sinh_hoc_binh_thuong_24_47_010.mp4",success,1209346,791515,"2026-08-16T22:47:14.3449149+07:00","2026-08-16T22:47:15.6589074+07:00",""
"sinh_hoc/so_sanh_sinh_hoc_binh_thuong_24_47_012.mp4",success,4625925,3315018,"2026-08-16T22:47:15.6609061+07:00","2026-08-16T22:47:20.8374747+07:00",""
"sinh_hoc/so_sanh_sinh_hoc_binh_thuong_24_47_013.mp4",skipped_small,805305,805305,"2026-08-16T22:47:20.8394844+07:00","2026-08-16T22:47:20.8404823+07:00","Source <= 1 MiB; preserved as already small."
"sinh_hoc/so_sanh_sinh_hoc_binh_thuong_24_47_015.mp4",skipped_small,464645,464645,"2026-08-16T22:47:20.8590170+07:00","2026-08-16T22:47:20.8600170+07:00","Source <= 1 MiB; preserved as already small."
"sinh_hoc/so_sanh_sinh_hoc_binh_thuong_24_47_016.mp4",success,2255534,1356095,"2026-08-16T22:47:20.8749646+07:00","2026-08-16T22:47:22.2240736+07:00",""
"sinh_hoc/so_sanh_sinh_hoc_binh_thuong_48_60_001.mp4",success,1053750,428040,"2026-08-16T22:47:22.2260906+07:00","2026-08-16T22:47:22.8903468+07:00",""
"sinh_hoc/so_sanh_sinh_hoc_binh_thuong_48_60_002.mp4",success,2079168,1338723,"2026-08-16T22:47:22.8923461+07:00","2026-08-16T22:47:24.4725871+07:00",""
"sinh_hoc/so_sanh_sinh_hoc_binh_thuong_48_60_006.mp4",success,2391732,706357,"2026-08-16T22:47:24.4741022+07:00","2026-08-16T22:47:25.2636037+07:00",""
"sinh_hoc/so_sanh_sinh_hoc_binh_thuong_48_60_007.mp4",success,16041424,7907993,"2026-08-16T22:47:25.2656131+07:00","2026-08-16T22:47:34.7751153+07:00",""
"sinh_hoc/so_sanh_sinh_hoc_binh_thuong_48_60_008.mp4",success,7401340,4367193,"2026-08-16T22:47:34.7771235+07:00","2026-08-16T22:47:38.0794311+07:00",""
"sinh_hoc/so_sanh_sinh_hoc_binh_thuong_48_60_009.mp4",success,1507748,881979,"2026-08-16T22:47:38.0814327+07:00","2026-08-16T22:47:39.4873323+07:00",""
"sinh_hoc/so_sanh_sinh_hoc_roi_loan_pho_tu_ky_15_23_001.mp4",success,4896069,1020801,"2026-08-16T22:47:39.4893769+07:00","2026-08-16T22:47:40.9450064+07:00",""
"sinh_hoc/so_sanh_sinh_hoc_roi_loan_pho_tu_ky_15_23_012.mp4",success,5254104,1122223,"2026-08-16T22:47:40.9471861+07:00","2026-08-16T22:47:42.2189561+07:00",""
"sinh_hoc/so_sanh_sinh_hoc_roi_loan_pho_tu_ky_15_23_013.mp4",success,19939399,3133706,"2026-08-16T22:47:42.2212618+07:00","2026-08-16T22:47:46.2945955+07:00",""
"sinh_hoc/so_sanh_sinh_hoc_roi_loan_pho_tu_ky_15_23_014.mp4",success,1968047,504725,"2026-08-16T22:47:46.2959063+07:00","2026-08-16T22:47:46.9460180+07:00",""
"sinh_hoc/so_sanh_sinh_hoc_roi_loan_pho_tu_ky_15_23_015.mp4",success,7420937,2422510,"2026-08-16T22:47:46.9483401+07:00","2026-08-16T22:47:49.6547236+07:00",""
"sinh_hoc/so_sanh_sinh_hoc_roi_loan_pho_tu_ky_15_23_016.mp4",success,4430889,1851380,"2026-08-16T22:47:49.6567244+07:00","2026-08-16T22:47:51.2597081+07:00",""
"sinh_hoc/so_sanh_sinh_hoc_roi_loan_pho_tu_ky_24_47_002.mp4",success,20762013,10288356,"2026-08-16T22:47:51.2607063+07:00","2026-08-16T22:48:00.0028525+07:00",""
"sinh_hoc/so_sanh_sinh_hoc_roi_loan_pho_tu_ky_24_47_024.mp4",success,23028287,9715042,"2026-08-16T22:48:00.0038528+07:00","2026-08-16T22:48:09.6525655+07:00",""
"sinh_hoc/so_sanh_sinh_hoc_roi_loan_pho_tu_ky_24_47_025.mp4",success,20762014,10288356,"2026-08-16T22:48:09.6540709+07:00","2026-08-16T22:48:18.5950925+07:00",""
